{
  "buildings": {
    "path": "pipeline/data/buildings.gpkg",
    "layer": "buildings",
    "id_field": "OBJECTID"
  },
  "insar": {
    "velocity_tif": "pipeline/data/insar/velocity.tif",
    "coherence_tif": "pipeline/data/insar/coherence.tif"
  },
  "params": {
    "thrVel": -2.0,
    "thrCoh": 0.35,
    "minPts": 8,
    "suspectBand": 0.5
  },
  "outputs": {
    "joined_gpkg": "pipeline/exports/buildings_joined.gpkg",
    "joined_layer": "buildings_joined"
  },
  "tools": {
    "pmtiles_cli": "pmtiles"
  },
  "mbtiles": {
    "path": "pipeline/data/buildings_il.mbtiles",
    "out_pmtiles": "pipeline/exports/buildings_il.pmtiles"
  }

  
}
